{"disc_losses": [6.834040641784668, 5.423876762390137], "gen_losses": [1.6369893550872803, 1.5833547115325928, 1.549774408340454, 1.5737380981445312, 1.6693938970565796, 1.6742931604385376, 1.568333625793457, 1.617523431777954, 1.6397936344146729, 1.6182358264923096, 1.5504860877990723, 1.6733579635620117, 1.488954782485962, 1.6923894882202148, 1.7125047445297241, 1.5878725051879883, 1.5909345149993896, 1.590777039527893, 1.566230297088623, 1.6509901285171509], "supervised_acc": 93.68990384615384, "semi_supervised_acc": 80.71915064102564, "timestamp": 1596177923.0699427}