{"disc_losses": [5.7274580001831055, 5.676494598388672], "gen_losses": [1.7388134002685547, 1.5932247638702393, 1.740417718887329, 1.8659915924072266, 1.66471529006958, 1.7655153274536133, 1.6411136388778687, 1.772181510925293, 1.605359435081482, 1.630320429801941, 1.7358276844024658, 1.8308907747268677, 1.6045677661895752, 1.7693870067596436, 1.7065845727920532, 1.7659657001495361, 1.7833539247512817, 1.6627955436706543, 1.607314944267273, 1.7393602132797241], "supervised_acc": 92.24759615384616, "semi_supervised_acc": 90.83533653846153, "timestamp": 1596171591.4998226}