{"disc_losses": [7.163557529449463, 6.407522201538086], "gen_losses": [1.2255388498306274, 1.4456748962402344, 1.4061721563339233, 1.3278017044067383, 1.2583247423171997, 1.3000596761703491, 1.3555512428283691, 1.3515795469284058, 1.3348915576934814, 1.301504135131836, 1.268319845199585, 1.2694976329803467, 1.4208321571350098, 1.33642578125, 1.2117269039154053, 1.2888717651367188, 1.3540161848068237, 1.3616249561309814, 1.2772853374481201, 1.247185468673706], "supervised_acc": 40.39408866995074, "semi_supervised_acc": 39.57050492610838, "timestamp": 1598980549.349076}