{"disc_losses": [6.06987190246582, 6.2541961669921875], "gen_losses": [1.3907828330993652, 1.457947015762329, 1.6760293245315552, 1.4574792385101318, 1.7026045322418213, 1.51150643825531, 1.8521205186843872, 1.6019227504730225, 1.5514805316925049, 1.661790132522583, 1.6279118061065674, 1.6350431442260742, 1.566851258277893, 1.6488673686981201, 1.4605965614318848, 1.516461968421936, 1.5696109533309937, 1.6379306316375732, 1.5344641208648682, 1.6643896102905273], "supervised_acc": 50.96213054187192, "semi_supervised_acc": 42.81865763546798, "timestamp": 1598986925.0924494}