{"disc_losses": [5.80364990234375, 6.0988898277282715], "gen_losses": [1.326564073562622, 1.3327345848083496, 1.6470391750335693, 1.3858100175857544, 1.647186279296875, 1.4560637474060059, 1.730952501296997, 1.5025402307510376, 1.5396283864974976, 1.6147546768188477, 1.7186094522476196, 1.6591342687606812, 1.4735493659973145, 1.6663514375686646, 1.5280139446258545, 1.5157203674316406, 1.604372262954712, 1.5866771936416626, 1.5093291997909546, 1.6680221557617188], "supervised_acc": 56.504002463054185, "semi_supervised_acc": 45.4048645320197, "timestamp": 1598993301.2534707}