{"disc_losses": [5.9809160232543945, 6.102471351623535], "gen_losses": [1.3617913722991943, 1.4477131366729736, 1.5941115617752075, 1.402541160583496, 1.6809933185577393, 1.4903202056884766, 1.6207345724105835, 1.3986259698867798, 1.6078120470046997, 1.5244016647338867, 1.6120686531066895, 1.6222424507141113, 1.5670440196990967, 1.5476019382476807, 1.501091480255127, 1.5176804065704346, 1.7076959609985352, 1.469916820526123, 1.527388334274292, 1.6368980407714844], "supervised_acc": 59.11330049261084, "semi_supervised_acc": 45.80511083743843, "timestamp": 1598999674.7222416}