{"disc_losses": [6.428375244140625, 6.538158893585205], "gen_losses": [1.5023162364959717, 1.5189534425735474, 1.3884493112564087, 1.48504638671875, 1.4681694507598877, 1.4606339931488037, 1.544836163520813, 1.4568626880645752, 1.4506720304489136, 1.489118218421936, 1.5611393451690674, 1.4278597831726074, 1.5510036945343018, 1.5725207328796387, 1.5034427642822266, 1.476522445678711, 1.5023266077041626, 1.5569610595703125, 1.4781444072723389, 1.4653828144073486], "supervised_acc": 61.56480911330049, "semi_supervised_acc": 61.48783866995074, "timestamp": 1596568952.7961054}