{"disc_losses": [7.770153045654297, 7.0648369789123535], "gen_losses": [1.3373360633850098, 1.3593631982803345, 1.4070518016815186, 1.3782163858413696, 1.3651814460754395, 1.3272018432617188, 1.3929431438446045, 1.3836255073547363, 1.4991950988769531, 1.4331904649734497, 1.3623201847076416, 1.4291538000106812, 1.3995120525360107, 1.4742296934127808, 1.4564416408538818, 1.3730299472808838, 1.3714878559112549, 1.4647636413574219, 1.3377238512039185, 1.4316155910491943], "supervised_acc": 44.4696736453202, "semi_supervised_acc": 33.266625615763544, "timestamp": 1596555590.772937}