{"disc_losses": [6.280695915222168, 6.581867694854736], "gen_losses": [1.4346647262573242, 1.451702356338501, 1.4409403800964355, 1.4771835803985596, 1.4758275747299194, 1.4334397315979004, 1.4943078756332397, 1.362882375717163, 1.4648849964141846, 1.4448826313018799, 1.4947102069854736, 1.4450093507766724, 1.4025347232818604, 1.3952932357788086, 1.3372139930725098, 1.4083569049835205, 1.461489200592041, 1.386995553970337, 1.399397373199463, 1.4051926136016846], "supervised_acc": 66.33312807881774, "semi_supervised_acc": 62.43457512315271, "timestamp": 1596582464.542806}