{"disc_losses": [6.607281684875488, 6.43339729309082], "gen_losses": [1.495840072631836, 1.6487746238708496, 1.4383922815322876, 1.5554215908050537, 1.5481464862823486, 1.5826940536499023, 1.6567838191986084, 1.5750535726547241, 1.5333366394042969, 1.5252554416656494, 1.59274160861969, 1.5242341756820679, 1.5345265865325928, 1.631300687789917, 1.5126168727874756, 1.5396946668624878, 1.5837066173553467, 1.5899510383605957, 1.49588143825531, 1.5144500732421875], "supervised_acc": 64.90917487684729, "semi_supervised_acc": 65.24014778325123, "timestamp": 1596575706.570543}