{"disc_losses": [6.253820419311523, 6.269351959228516], "gen_losses": [1.4929280281066895, 1.4522618055343628, 1.3768370151519775, 1.451817274093628, 1.520754337310791, 1.4241282939910889, 1.5519754886627197, 1.464409589767456, 1.436042308807373, 1.44962477684021, 1.4798822402954102, 1.4078354835510254, 1.4541946649551392, 1.404956340789795, 1.4556522369384766, 1.389121174812317, 1.5440711975097656, 1.4253277778625488, 1.405357837677002, 1.4348719120025635], "supervised_acc": 68.28817733990148, "semi_supervised_acc": 62.22290640394089, "timestamp": 1596589205.1897972}