{"disc_losses": [6.746495246887207, 6.744450092315674], "gen_losses": [1.4694979190826416, 1.458859920501709, 1.3648451566696167, 1.4484872817993164, 1.4205604791641235, 1.4285531044006348, 1.4220985174179077, 1.4054244756698608, 1.4515597820281982, 1.4471030235290527, 1.4268264770507812, 1.4181243181228638, 1.3943687677383423, 1.4379656314849854, 1.4026986360549927, 1.4844517707824707, 1.4967535734176636, 1.4315671920776367, 1.42185640335083, 1.5036388635635376], "supervised_acc": 53.794642857142854, "semi_supervised_acc": 51.29695197044335, "timestamp": 1596562235.4358065}