{"disc_losses": [6.63615608215332, 6.2048749923706055], "gen_losses": [1.523836374282837, 1.5015281438827515, 1.5161077976226807, 1.490209698677063, 1.4200900793075562, 1.3831727504730225, 1.6716843843460083, 1.4906103610992432, 1.4662415981292725, 1.4884912967681885, 1.5560989379882812, 1.5255837440490723, 1.3887052536010742, 1.611955165863037, 1.4575942754745483, 1.3990416526794434, 1.465732455253601, 1.4137043952941895, 1.5402506589889526, 1.5874156951904297], "supervised_acc": 8.170412561576354, "semi_supervised_acc": 9.113300492610838, "timestamp": 1597054836.5999608}