{"disc_losses": [6.920318603515625, 6.840742111206055], "gen_losses": [1.3898320198059082, 1.3475096225738525, 1.3265676498413086, 1.3433847427368164, 1.380357265472412, 1.3649587631225586, 1.3429780006408691, 1.3457608222961426, 1.3375773429870605, 1.2941322326660156, 1.31441330909729, 1.3459467887878418, 1.3484489917755127, 1.2884290218353271, 1.3519867658615112, 1.351630687713623, 1.309955358505249, 1.3115730285644531, 1.337486982345581, 1.386491060256958], "supervised_acc": 6.450123152709359, "semi_supervised_acc": 6.088362068965517, "timestamp": 1596996739.2087703}