{"disc_losses": [7.431967735290527, 7.065619468688965], "gen_losses": [1.352114200592041, 1.3460317850112915, 1.3603713512420654, 1.2731683254241943, 1.327510118484497, 1.291457176208496, 1.3330864906311035, 1.253281831741333, 1.333702564239502, 1.3780455589294434, 1.2969599962234497, 1.2849470376968384, 1.3390246629714966, 1.3928313255310059, 1.3523906469345093, 1.3619561195373535, 1.3655028343200684, 1.3302572965621948, 1.3344299793243408, 1.3252737522125244], "supervised_acc": 9.925338669950738, "semi_supervised_acc": 7.250615763546798, "timestamp": 1596990030.4304655}